model,pred_len,seq_len,batch_size,learning_rate,hidden,nr_of_epochs,training_error,validation_error,model_path
GRU,10,10,32,0.001,5,5,"[0.11306818132544612, 0.1032447039845635, 0.10100886085234419, 0.09781652729405643, 0.09606808426042834]","[0.10551079252100252, 0.10407182150571556, 0.10091794752976396, 0.09804436654507459, 0.09696607201636492]",
GRU,50,10,32,0.001,10,5,"[0.1048160281795829, 0.104543281181048, 0.10004213079297723, 0.09628310012778439, 0.09485018559240901]","[0.10553048743487714, 0.10466131801297376, 0.09826535359025002, 0.09608325605782178, 0.0956852620283326]",
GRU,100,10,64,0.001,10,5,"[0.10634181514053963, 0.10508077362803717, 0.1014521718743583, 0.09792209641376803, 0.09689141654976471]","[0.10492704104591202, 0.10474705827105177, 0.10028411046816753, 0.09764124715066218, 0.09676089514415342]",
