model,pred_len,seq_len,batch_size,learning_rate,hidden,nr_of_epochs,training_error,validation_error,model_path
GRU,10,5,16,0.001,5,5,"[0.7900470587083056, 0.5603578219496751, 0.5493814055866832, 0.5404952337375925, 0.5322802008895935]","[0.5638653958837191, 0.561600683012394, 0.5394899522264799, 0.5425064733835182, 0.5183421078730713]",
GRU,100,5,16,0.001,5,5,"[0.9045283863119259, 0.5776603979100088, 0.563093606131092, 0.5581031816970011, 0.5535250064673697]","[0.5955740152881835, 0.5823212884706894, 0.5746620456276811, 0.5641421482042612, 0.5644987722490039]",
GRU,10,20,16,0.001,5,5,"[0.7086553732818524, 0.4144000972990603, 0.3747187247464412, 0.35568644216871986, 0.3465607037534052]","[0.4588785482514085, 0.40645293707987573, 0.3830576930759531, 0.3717090439314794, 0.36454840149316525]",
GRU,100,20,16,0.001,5,5,"[0.9395381137538867, 0.45487383985595337, 0.4212735125878055, 0.39117047060636956, 0.37311671075832314]","[0.5142647778349263, 0.43274012861811384, 0.4141566774674824, 0.38354536727526967, 0.37099955687109304]",
